er-bleeding-wound	Don't keep lifting the gauze to check—hold the pressure.	Don't keep lifting the gauze to check — hold the pressure.
er-seizure-loc	Seizure before—point to how many times.	Seizure before — point to how many times.
er-seizure-loc	Medicine—do you take it? Yes or no?	Medicine — do you take it? Yes or no?
er-seizure-loc	Oxygen saturation is dropping—bag-mask now.	Oxygen saturation is dropping — bag-mask now.
er-seizure-loc	We found several empty bottles—checking what they were.	We found several empty bottles — checking what they were.
er-stroke	This arm—when did it stop moving?	This arm — when did it stop moving?
er-stroke	I need you to stay with me—can you open your eyes?	I need you to stay with me — can you open your eyes?
er-stroke	Stay with me—can you hear my voice?	Stay with me — can you hear my voice?
er-stroke	One pupil is now larger—that's an important change.	One pupil is now larger — that's an important change.
er-ortho-trauma	Try to stay relaxed—tensing makes it harder.	Try to stay relaxed — tensing makes it harder.
er-burn	What caused the burn—heat, chemical, or electricity?	What caused the burn — heat, chemical, or electricity?
er-burn	Keep rinsing. This removes the chemical from your skin.	Keep rinsing — this removes the chemical from your skin.
er-burn	Try to stay calm. This will help you breathe safely.	Try to stay calm — this will help you breathe safely.
er-chest-abd-trauma	I'm pressing on your upper left belly. Tell me if it's tender.	I'm pressing on your upper left belly — tell me if it's tender.
er-chest-abd-trauma	We will not remove the object. We'll stabilize it in place.	We will not remove the object — we'll stabilize it in place.
er-chest-abd-trauma	Try to stay still. This will help you breathe in a moment.	Try to stay still — this will help you breathe in a moment.
