er-environmental	We're putting cool packs and misting you to bring it down.	We're putting cool packs on you and misting you to bring it down.
er-environmental	Through the interpreter — how high did he climb and how fast?	How high did he climb, and how fast?
er-fever-infection	Suspected meningococcemia — he's on airborne and contact precautions.	Suspected meningococcemia — he's on droplet precautions.
er-fever-infection	The stiff neck with fever and headache concerns me about meningitis.	The stiff neck with fever and headache makes me worried about meningitis.
er-fever-infection	Pain this severe with a fever worries me about a deep infection.	Pain this severe with a fever makes me worried about a deep infection.
er-genitourinary	This will tell us how much urine is left inside.	This will tell us how much urine is inside your bladder.
er-geriatric	You're safe to talk with me — nothing leaves this room without your say.	You're safe to talk with me — I'll be honest about who else needs to know.
er-head-trauma	I'm shining a light in your eyes—look straight ahead.	I'm shining a light in your eyes — look straight ahead.
er-head-trauma	I can't tell if it's alcohol or your injury—so we watch you.	I can't tell if it's alcohol or your injury — so we watch you.
er-head-trauma	This could mean rising pressure—we're rechecking him now.	This could mean rising pressure — we're rechecking him now.
er-head-trauma	Your headache is suddenly much worse—we're acting now.	Your headache is suddenly much worse — we're acting now.
er-head-trauma	GCS is 6—we need to secure the airway.	GCS is 6 — we need to secure the airway.
er-polytrauma	Do you feel dizzy when you lift your head?	Do you feel dizzy or lightheaded right now?
er-polytrauma	I need your consent to proceed immediately.	The surgeon needs your consent to proceed immediately.
er-polytrauma	Take a deep breath for me—does it hurt to breathe?	Take a deep breath for me — does it hurt to breathe?
er-polytrauma	Please don't move your neck—hold still for me.	Please don't move your neck — hold still for me.
er-polytrauma	Your heart rate is high—we're watching you closely.	Your heart rate is high — we're watching you closely.
er-polytrauma	You look pale—we're watching for internal bleeding.	You look pale — we're watching for internal bleeding.
er-polytrauma	Stay with me—we're helping you breathe.	Stay with me — we're helping you breathe.
er-polytrauma	Stay with me—open your eyes if you can.	Stay with me — open your eyes if you can.
er-polytrauma	Continue compressions—checking for tension pneumothorax.	Continue compressions — checking for tension pneumothorax.
er-procedures	I calculated fifteen units; can you confirm?	Please calculate the units on your own, then we'll compare.
er-procedures	Do you want one-to-one-to-one ratio with plasma and platelets?	Do you want a one-to-one-to-one ratio with plasma and platelets?
er-procedures	It feels strange, but it won't stop you breathing.	It feels strange, but it won't stop you from breathing.
er-psych	Have you had any thoughts of hurting yourself?	Have you had any thoughts of ending your life?
er-sepsis	Please ask her where she feels pain and when this started.	Where do you feel pain, and when did this start?
er-sepsis	Your pneumonia has spread to your whole body, so we're acting fast.	Your pneumonia is affecting your whole body, so we're acting fast.
er-shock	We're watching your urine output as a good sign.	We're watching your urine output for signs that you're improving.
er-shock	I recommend ICU admission and central monitoring now.	I recommend ICU admission and close monitoring now.
er-head-trauma	I see bruising around your eyes—when did that appear?	I see bruising around your eyes — when did that appear?
er-head-trauma	Blood thinner medicine—do you take it?	Blood thinner medicine — do you take it?
er-head-trauma	One pupil is blown—this is an emergency.	One pupil is blown — this is an emergency.
