er-obgyn	Tell me right away if you feel a seizure coming or more headache.	Tell me right away if your headache gets worse or your vision changes.
er-ortho-trauma	We'll control your bleeding while we prepare transfer.	We'll control your bleeding while we prepare for the transfer.
er-arrest	Keep compressions high on the sternum and continuous.	Keep compressions on the lower half of the sternum and continuous.
er-arrhythmia	You'll feel a quick shock while you're sedated — we're right here.	You'll get a quick shock while you're sedated — we're right here.
er-arrhythmia	Situation: bed 2 just converted to a wide-complex tachycardia.	Situation: Mrs. Lopez in bed 2 just converted to a wide-complex tachycardia.
er-arrhythmia	If that doesn't work, we'll give a fast medicine through your IV.	If that doesn't work, we'll give a fast-acting medicine through your IV.
er-arrhythmia	I need to flag that you have WPW to the team right away.	I'm flagging your WPW right away so the whole team knows.
er-arrhythmia	We'll give medicine to calm your heart and the shocks.	We'll give medicine to calm your heart and stop the shocks.
er-bleeding-wound	How is your blood sugar been controlled lately?	How has your blood sugar been controlled lately?
er-burn	Keep rinsing—this removes the chemical from your skin.	Keep rinsing. This removes the chemical from your skin.
er-burn	We may need to release the pressure with a small cut.	We may need to release the pressure with a cut along the burned skin.
er-burn	Try to stay calm—this will help you breathe safely.	Try to stay calm. This will help you breathe safely.
er-burn	We may make small cuts in the burned skin to let it expand.	We may make long, shallow cuts in the burned skin to let it expand.
er-chest-abd-trauma	I'm pressing on your upper left belly—tell me if it's tender.	I'm pressing on your upper left belly. Tell me if it's tender.
er-chest-abd-trauma	We will not remove the object—we'll stabilize it in place.	We will not remove the object. We'll stabilize it in place.
er-chest-abd-trauma	I'm covering the wound with a moist sterile dressing.	I'll cover any exposed organ with a moist sterile dressing.
er-chest-abd-trauma	Try to stay still—this will help you breathe in a moment.	Try to stay still. This will help you breathe in a moment.
er-diabetic	Can you show me back so I know you understand?	Can you show me how you'd do it, so I know you understand?
er-diabetic	Your labs still show a wide gap, so I'm updating the doctor.	Your labs still show a lot of acid, so I'm updating the doctor.
er-dyspnea	Give IM epinephrine now — her airway is closing.	Give IM epinephrine now per protocol — her airway is closing.
